,prediction
cce9b526b3590d2ca2178584f,-0.3769707679748535
443c1c5647e6bf5e97220294b,0.5151377320289612
c8051d511f80b02de8f031524,0.26999950408935547
8eb1a92c6dff28ab430b8da81,0.3465057611465454
4ac3b7a5382de85267d36862a,-0.3249358534812927
8fbb48baeaaa4fa8942c23552,0.09695585817098618
17d3ec45b00fcbd7c08036b5e,-0.09279952943325043
3891497ca3d6a66dbfecf1bb0,-0.22946104407310486
0ed3a5bc29df8d41e71487ca1,-0.33380940556526184
76df81d2a4ca05686e41ebe20,-0.351483553647995
f6d46b57697732b3a08e0afa1,-0.351483553647995
29524713fc8e9aa14f81c6b29,0.23073482513427734
5b45ae23ebeb92b5ab36c47e1,-0.6810743808746338
77e06a41bac583ad6206b3fdc,-0.18383102118968964
2d6dbb5b319b1962da1a47299,-0.3621116280555725
051c67e44f475016bb80c04e6,-0.19814109802246094
6e630ab636f987983b4429587,0.280278742313385
c40510d95effe320bc8ac5e40,-0.17689315974712372
53ab2f875722919b70edfae9e,0.1848093420267105
4cc269e38a020aebaa973d4b3,-0.6155845522880554
00cdad7d996bc842dc0c8baca,0.4266641438007355
56941d29046ee553098a10da5,-0.6212407350540161
9d62162d8cfccdcd7603c2e14,0.35333767533302307
c80e993decbdcf2143a9c0209,-0.20769725739955902
13dea7d94ee2bc4f7ab2569de,-0.144344300031662
327bb9e5841995509219c9f49,-0.4620212912559509
45d055593c4a69d32bf93349e,-0.45097512006759644
4fe8b056793fbd192486224bf,-0.0048544201999902725
81b82fd99e9b119f8e5f3d113,-0.665678858757019
feb8c4c991dc356b978e5b61d,-0.21655301749706268
7703bb7d10959ee08ad65508e,0.190000519156456
0638697ee266b60e302cf4cb6,0.6546953320503235
1d375941d7b141ca87660334d,-0.08368241041898727
b846bba498545ec2b6ade8f08,0.17186173796653748
8130303d4b9aa492f953c5237,0.08428478240966797
b489ea0eb6a4ea16a81159ebc,-0.30173972249031067
39ee49deda80269062623eaa2,-0.7459756135940552
5f6988e55740e59830a6e8de1,0.038733817636966705
2c93a32e0ae3454ba22811139,-0.5608311295509338
74f920a412d245bdd312e6c83,-0.6823052167892456
96126f3569994dceb33860da4,0.1764710396528244
83bf51603647005457f631bb6,-0.25189846754074097
9530ddc1e641aa9a5801c4612,-0.5296589136123657
dd405f4ead00b9a46879f92d5,-0.4626702070236206
bae0dfac0a959d2122c9e4d0d,-0.2929611802101135
75b2616bc34d19a610d9e48b1,-0.2538149058818817
0cb467a81d69aa2a281e5d75a,-0.3524034321308136
4fe294ee71a3d30fe8efd35fe,-0.2930377423763275
7c1fb43e32c767d01316b4991,0.13640466332435608
260a9b497557f1968bc06f694,-0.56064373254776
900292ad0d4abbc2c847ff30f,-0.6923696994781494
4a9f26684c063b3a42409242b,-0.3245595395565033
dc3da78ac768e174ceab36d09,-0.7547168135643005
075be98fc6cf3fd6bed5aae13,-0.283159464597702
0cd583279a5194d227bbc4f11,0.03637778013944626
6d18147fac140ddc550f056f0,-0.38384753465652466
e02e4a66295798b4661cc29cf,0.20817239582538605
24dd8682c72b76d0354b868dd,-0.1940414160490036
4aff4e7321d8e64c19599c678,0.12862960994243622
ba0984f05b321a60069ab881f,-0.07639841735363007
f18e79a3b19d39858933830fe,0.5633760094642639
8d09b90e9d6571488ac3e1a6e,-0.546402633190155
6165b5b93cad201797ab719ef,0.30198588967323303
83fca0d67686ed7a44e6348f3,-0.6436612606048584
af0a616ca5f75142305c45b6a,0.243097722530365
6b2e9cb82c1f89152ec6092f8,-0.7940139770507812
58bbea43069316342df908e65,-0.4123392701148987
7b85ca8c405a502cf3ba42fbe,-0.009210282936692238
d4926988a5a823424981861cf,-0.5639326572418213
9489540e70df307439cd621f1,-0.7365581393241882
934a3e16aaaf86702bc58c49e,-0.4174957573413849
7bcaacb74e7714448dc8b67dd,0.17063306272029877
fb79128cbaa87e5577c9d26c9,-0.8635775446891785
48cd197390d9e69587c9920db,-0.23795591294765472
c0e9950e688f8fc33cbe62e41,-0.09605703502893448
3a6b7cc9044ffa122a5250f0a,-0.6549288034439087
4d228827be8d34e1258131e09,-0.21547403931617737
d74d11a2884b44b373c3775c5,-0.3996351659297943
69fe83bd935dc8d9aae273d24,0.09291600435972214
94d02068489eca65b178fa04c,0.09499984979629517
8b03949ae1134615c5f723a38,-0.5192288756370544
cd7c9a6291683a198a65949e7,-0.11902124434709549
e266717c2a868a87ff1546d28,0.48302748799324036
02cf1ba939b17a7b904143687,0.09656225144863129
82837d629435721144781b281,-0.180257186293602
71c95d0992ab6e0a659c91330,-0.1072322204709053
4900a84e12fce52afd10798c1,0.1052754819393158
016dd89dd65fca22debcf7ee6,0.46736887097358704
cd9d173e4de0986332a8060d6,-0.0660737082362175
154ec2ed75dc57266f37d3289,0.13907760381698608
deece0a11327b7878633eb9b6,-0.20540300011634827
801c02a884f7ce16126e9599b,-0.1262322962284088
9cd00588cf2ffc24f12911a3f,-0.37698712944984436
b9c99ebc0b3227b088bd31059,0.47681647539138794
df21835af083ee0481fa5833a,-0.30715474486351013
b6b0648df3f46635e555319bd,0.25746583938598633
85d9ace1da3acbf2f0fa92744,-0.08218412846326828
d0f43d50be7430bfb53f1fb6a,0.19399480521678925
f28c5b50f380ca0eda3ef9348,-0.0558929368853569
a42d2d05726a5881aa6e27f3d,-0.17854191362857819
2ab45e55476647868ebebae13,-0.5904926657676697
2987795b17670991b0ea13a4d,-0.43531906604766846
d0cfbef6ab05fbda3da40cef7,-0.0615263432264328
400ae74cd69438f1038797782,-0.30730220675468445
5be5798f0a41f930a0285e2b3,-0.11134638637304306
7331ccfa73083062bc04f2cfb,-0.36777463555336
c9169ffdec5d228595804a0eb,-0.4455225467681885
551ca56a3347026befd04e17d,-0.11722419410943985
9846403d6cf21726c47c60e4b,-0.10486495494842529
c63ff9605d87e195c2c123292,0.012847444042563438
4104e5a12c5b400fdbb6236a5,-0.04479978233575821
dc52b6338f73eb43399e6bab4,-0.031186887994408607
e931ac7c0af98d6a8b2edc45f,0.31380972266197205
a8eb32bd03856a60b68c9265c,0.054254740476608276
61b39b60058ef41a937a5cb22,-0.5945882797241211
6fdba3f3cd7a5af9a40de94ba,-0.6132721900939941
ddda44c85224a95199192cc3a,0.2290298044681549
6f7bdbde382cace923581e8e2,-0.41141486167907715
ebc00755ff77d017726d970da,-0.41558602452278137
3a87bf2379dddefe1d1b6523c,-0.40822333097457886
bbcd4ea72a17d28c858479923,-0.1286173313856125
3c996e26638d6c9792190f0e5,0.24645428359508514
2b414a48c8e1d01704a0dbe4c,-0.5493027567863464
ebf26f5a82ad84052f8bbcf0c,-0.1780558079481125
22d11811931d9f2c0bd28beb6,-0.21809819340705872
2899c483cea090cfbc4bfa731,0.5543265342712402
725f9c39e245d4c9eafb8b57c,-0.4847973585128784
c5b8a2b6f783cd9799d921956,-0.433797687292099
3e0b4d0a523e76636dd499f07,-0.11534906178712845
44f88eb56d2ceaab089e30ffb,0.39232632517814636
097eb5e7a6fe175c764b2b56e,0.1956380158662796
c1f29bceb3708c63369b40cad,-0.2362707108259201
2fe7b1b875a41def22bd863a1,-0.08925766497850418
38503f2398d0a3bf3e4b15095,0.31115326285362244
e07494c88bbb22730a5341be2,-0.7499056458473206
7e02514a830168c8c8b27d5b2,0.11716742068529129
3c7dae4d0ba5b41750f7be15c,0.37675315141677856
1ec0f922b4e9a5b09db14338a,0.012019036337733269
6ebad06ea8107fcdc0ddc3979,-0.28776994347572327
f3dfc189cda354706c343186a,0.7051630020141602
cae79b9209913b67218f4df10,0.09183111786842346
c89e879e89c8c49b948753b6a,0.262745201587677
1865883f5073d3f677f39b009,0.2152557373046875
ddc981fea1d0fd21eed266e33,0.24946273863315582
2698b8cbe7ebb7b3881e43ea7,-0.28479352593421936
8ad94e2e0b97862ad3a680d32,-0.4625972509384155
cc0e44a3481f7302f3d2446ac,0.2749108076095581
5c248ba428cf5b98800de1878,-0.07596956193447113
77ff00ed02295883415083a11,-0.20309565961360931
1f92e886c87053574f2053f9e,-0.5921090841293335
1ed51853dea53f8d59f1eb13a,-0.4698498845100403
fce61c675c0bb571f5bc70dae,-0.16453784704208374
9785690630eb28fe361c3b7ee,0.017445167526602745
1bdde7322c586818da47436ae,-0.3675183057785034
c09adb77fbef938b0588fdb57,-0.48093363642692566
8508b4cd38d9079bda8999c55,-0.10074925422668457
9e49e1c9967686a94e89d1798,-0.2973825931549072
3a75122535434ffee9f0cb6be,-0.5920589566230774
51a65ee3a4be73330c06e63a5,0.2825874090194702
d009f971b63481f9302d24763,-0.40276503562927246
4692c8917fc870175a7a8a20b,0.10482311993837357
6991d12c552e6dce62bfa4f88,-0.16781294345855713
be8c4eac718fbb6bfe4f38c6e,-0.5649141073226929
36bca4da49e799a89ec3232ed,-0.3343955874443054
64079e44fdcdbf118780ee902,-0.08511888235807419
61b0b687e15deb637c2988dcd,0.6061927080154419
96672984dae5a30a8c6c5f6a8,-0.10584273934364319
c2a2dad830012a1a7100f806e,-0.08688843250274658
d476a66aa67973d69c88e905a,0.18004785478115082
c13c2956aa996cfc889f191ae,0.04467829316854477
99f827523d53c33f1ba5ab41a,-0.27947160601615906
4883e82264d4473caf7eed17e,-0.3794478476047516
26ad11847918181668bb6b72c,-0.10849378257989883
d5ade39246b61c26bde1f8240,-0.19663240015506744
1b7d1104fbc37650f41c5f4d3,0.3934708833694458
68715056e46e8065cf17a3586,-0.19479899108409882
dff0b33a766ed5d56289d02c6,-0.9278603792190552
0a2253821585a3ee8486224ff,0.17944487929344177
ac9839cec4eb34c6cc9a17360,-0.19479592144489288
6095d7947ed72016de0fe7f6d,-0.44919463992118835
b83297bb2a4d0938ce92d85bf,-0.4780910611152649
75d4ce52d20027592a6f7d7f1,0.15628769993782043
55251cf6f00c7e052b62c206a,0.14228001236915588
072f540e4997a84f7bfd1e907,-0.547906756401062
f78a7a952fe91bfae648fb25d,-0.07850939780473709
826f4f7507c144244ecb796ff,-0.4638802707195282
e52a4307cc47d993768c194a8,-0.722892701625824
c467816202582134c0d482513,-0.897042989730835
2de353635f6b20cb62dad71a5,-0.7212814092636108
217da0bc836a0a8de191d706b,-0.11061244457960129
5e66631a335c85a8881612a69,0.18162234127521515
e2b709c8f11ef4e93fd37cb12,-0.05875352770090103
2e108a6c1c2518a764a5b68ed,-0.2973654866218567
e3a5b833911467451ca8a2572,0.17266283929347992
46aea7e2ef2d2b3228dabd147,0.29078495502471924
c2a369997b66a508425a258c6,-0.0378546267747879
a4b7bcce5b2b7e424c714de19,0.030318399891257286
6440d18e74853e4cc5e1c4cd3,-0.36679038405418396
5164b5a30401ec2e713e63110,-0.4385964870452881
8a5e41be292604192bb9e3533,0.2158263921737671
9ef78648a8991417624aa093e,-0.46815091371536255
5934e5099c93dbd9146b986f5,-0.6788752675056458
c3b91605160eee257d1cf0ca9,0.004160268232226372
613ac00a164f595507acfbd9a,-0.3572613596916199
1cdeb0b74d88fd5dc3d53439e,-0.21016483008861542
2480f0fa73c7da6328288b963,-0.5347021222114563
c05bfb7626e641a5d0f91f9c1,0.3618493974208832
fad9a998df8201763ccdb4d7d,-0.3664647042751312
19bac3cb44cac7bff5ee4f049,-0.3900480568408966
4c524e05a75c8c1facaca0ff9,-0.265186607837677
c82b574a7b3e13445afd3fd95,0.3807925879955292
230d1c1f61f4d485782760f8f,-0.6087502241134644
ddae79b5b8c855db2e2593d43,-0.6190218329429626
e5eb526db0ba1ffb44caa7b26,-0.1419239193201065
5b2deb3dc760ebb6300612ca6,-0.0911332443356514
8576c2d3ddd487067e57ec356,-0.6817700862884521
c91148c1da0f73b203254c0fe,-0.11601810902357101
f73ee344305879b3704dbe851,0.5336534976959229
439640aab10779a9b59b84c4d,0.3236868977546692
6463ff4567c834e3f13015a38,0.07144158333539963
317330fdf27b726009add1ae3,-0.6002874970436096
4c7b7c1ea515b2ef248736a5d,-0.3054608106613159
bfe45f96a4efe2c5b27a4e54a,-0.3501266837120056
2fabd7be044e9c10fc250e575,-0.31794896721839905
a793299c1b27c12d165b941c6,-0.43930375576019287
f72f0183bf0b83519fea6271c,0.2332487255334854
2e63b5b5e3209fbb1559e4d1d,-0.0010680723935365677
99e80437845c057fd9a5ff396,-0.249097540974617
680db5cb91918c56c2694b228,-0.2803076505661011
b8ff4fdc0a228df07a56769b0,-0.3657272160053253
bf5411390f0eed7cf7fe52ce4,-0.6290245056152344
3f4130c303c36f441ca5b1bdb,-0.37706249952316284
49d05ac76e6c869ab739249a3,0.2216527909040451
0d56ed6ad630e540c184d7152,-0.1422770917415619
ecbff96a1006989a702884698,0.21647511422634125
922d9d6569e814df2e770d18b,0.37312036752700806
3716c816312040c5cc7c152d2,-0.640247106552124
543793dd05774a251db0ab2c6,-0.47880303859710693
703efac1b02c581172b312c0d,0.19461603462696075
097b4ef8fea7c0860c35d9bb2,-0.19832469522953033
28884c21b429b7de8932d73c8,-0.1124151274561882
705424f0af2c58f317d6f775b,-0.7856776118278503
15be8c3a7f2bcb6961402da42,-0.6230850219726562
878243fda79e945ecbfe35625,0.12311502546072006
5e013a103dc5f1a7a4c7006ff,-0.1683199256658554
c1933b29a1a3d5ec0dbd42ded,0.16085819900035858
a9214f4bee455b2c28199c7db,-0.21883387863636017
a5f4f4ed789f3e094c2f4e63b,0.12880198657512665
cb9e0b2f9350d98131f4b0796,-0.3045668601989746
332f6bd7ca25bb90f79b77d4d,-0.35534024238586426
ee1efcfffc874c459d080c623,0.11306531727313995
6995f24bf39d797765c8716ba,0.2340402752161026
e4290ff9b4cddc5d5709c84ea,0.4611300230026245
ff036b7ff2e8f8557c37e27b3,-0.06758855283260345
96bfee44f919f9b7c397917b2,-0.018794486299157143
2fe45bd309c193daea006f2be,0.013498624786734581
ed67870522cca827f60c3aed8,-0.26157358288764954
ca9e1f52da8472fa53eb9ab88,0.1853601038455963
3d76bd86dd21a20d907ce9b29,-0.11633605509996414
3c356240aaa6867aaa852d52a,-0.5581809878349304
9466a378d9fd77de43b599aef,0.45002657175064087
c7d166c55d8285ab1aa958f18,-0.06679309159517288
bbcaafc92113bc1df5fb22e72,0.16952581703662872
dccaece39e73179854dcf2f89,-0.6752005219459534
59fa41bd2291aa2ead47f1945,-0.07807384431362152
19e9b1d4b2c3f7c0aa0dc0206,0.25742655992507935
59b1999a89b33f492cbae09a4,0.16636280715465546
6df75583af1dd7c84553f3322,0.29903724789619446
b01f75760de47178d167841c7,-0.12126053124666214
3282f66a539925cccd8c264c4,0.44150716066360474
ede4ad634d2e66b9033feed5b,0.3003849387168884
37ff5cec119c10a4f4112dbc7,-0.6425254940986633
48cd22c18c273468ef78701ff,0.1952180117368698
6da8a06913d4904986b7f8260,-0.023828154429793358
96ff3b1a492531e64215dd7fa,0.3029305636882782
88c32c4c1022c2763507bb696,0.36510974168777466
a826adc2b1bb20aa5c57b41cb,-0.22332648932933807
08f007857cfff776009b076ae,-0.7535628080368042
efc43fab631cbda69cb655e7b,0.3389226198196411
498f4631533620256144b6fa4,0.0948101058602333
74844becb3547719e10c0dba5,0.1128433421254158
72bfac1d0bb6d08e638982a21,0.08453166484832764
9cec99bd2880d87c11e76bec4,0.04106711596250534
f8f3417ceb6b8e88279d80c67,0.1975359171628952
3ac43092b9b259629a972ab8f,0.11795958131551743
6dbbfc0605fff5cfc8699a242,-0.36260145902633667
382f4bd5ee83598a88325351c,0.3528383672237396
d5151ab74c781529ea421ab74,0.19331017136573792
291192724692c651ced9b1358,0.33856630325317383
372e70537e0acddad43e3e320,-0.6046785116195679
4b56dea7c4ca5229320b58945,0.35030969977378845
43add7a3e96f8346d5d921999,-0.43559688329696655
e30869c1946ace84573d70136,-0.08785402774810791
c057feab239f331feb7344af8,0.3605188727378845
9d6c76e2ef87bd4ec2c9b3f19,-0.43034327030181885
26c136327247036201f9a5ee5,-0.582798957824707
3f9b16c7076cbb9bc0bdb7ab0,-0.2486547976732254
4a02c97e012820f8b4f3fb74e,0.02429657243192196
00b8dd932743ea89e996c4694,-0.02013968862593174
c19013c5ca04d50c46f7ae012,0.023228047415614128
b8eba38b741166712c5ba7a6b,0.3312777578830719
fd3171ff1494a3358c8f0ea07,0.039680011570453644
0abbf6283d3e669fc87cf12ae,-0.18070605397224426
73ebbe21561725293916c3006,0.35954004526138306
9a0a45e37621f7b7da0c52367,0.15421153604984283
2be295ecc201adb520864e90b,0.16618186235427856
fd6f21a0926eb3f21c9c8b1a9,-0.14077270030975342
afa42604391a05a5b8865df2e,0.07124221324920654
fa4e1a538ac2a1ab46ba8ba31,0.26795700192451477
36ecb514a9b808a3605b374ad,-0.0039398688822984695
5511b431f1dcf2ff4bf5aa39c,-0.2278980314731598
bbca661e6c02db1b538cd412f,-0.6311902403831482
97fc0c388104e0e0bb5cbade8,-0.10117553174495697
fc739976140be68d3d3a70f1c,0.09860137850046158
fd3171f7d8d63421762f6870d,0.1360834538936615
174e6e259cceaa7420045011e,-0.40982717275619507
bdb28265e1ec93e84ddcc8cfd,0.1460433453321457
2099f01eab822d1fd7919a3c0,-0.06603986024856567
c908a7ef870c76f7c27bbdd2f,-0.1986313760280609
c99b40ebf9d410931329f1c41,0.253730446100235
89f1e6e79a6b2cac165e69e77,0.1457311064004898
a4b5ada27fae7b3365cf819d1,-0.169867143034935
6cbab4326a10a61824a7b393c,0.2795213460922241
85c6f5b04385ef81707ed755c,0.14717192947864532
55d972333c6df2e6d76cdfdc1,0.1456541270017624
24302dee227aec12f87a5e168,0.13405632972717285
fd49bd301905e670061d460c0,0.20768442749977112
947db1b9270582fd3e5d4d819,0.305305540561676
a5c84773cd3b185338df8459c,0.2582056522369385
0f446f626b4764ad7c748518a,0.12485262006521225
df8f39b16bc01ab7936ae9428,0.49449607729911804
cc0d7d5ced489a8fceab48e1c,-0.4896593689918518
a0a516b981690c61cdc73d5f0,0.07621792703866959
27220f1d1c4972b8868832b87,0.34780222177505493
dc361b284f503f4bea68ed043,0.3088518977165222
30391c58b9f57392c60fcb4a5,-0.013716751709580421
16ad0e43392653786f8a518b2,0.3362831473350525
567696af6a68a496825196b38,-0.183822363615036
eb6515ad511571a0e4c7afa5c,-0.30209076404571533
3ee56454c58da05e887a61aad,-0.7627249360084534
1a803bdbcec0888540e43619a,0.13091452419757843
f136f61e5c08a53ca5b795a07,0.7526581883430481
1a16ed43c746697c4405be806,0.4703494906425476
6033cd460394c97ef97e874aa,-0.19762447476387024
d364af95febdf83c68baafd9b,-0.10929777473211288
a10a0167d8e729c935088b381,-0.36149677634239197
8cd3f3998f2431c4feeaab1cf,0.18776936829090118
45c2d1ef54ed8d8a88b6be6eb,-0.2875213027000427
8b8fe170a761b36feb8d567c6,0.22489017248153687
6119ea842e0eebc15356eb6b3,-0.3794853389263153
39bd48f0cc6da8767e30bab8b,0.10289866477251053
a30feb14db253767a513dfadd,0.3588546812534332
9c86647e5340cd0058da630c9,-0.39233505725860596
7d1290debf14ca3cfdccdd235,-0.08433543890714645
3b3092ce93af47fa7da7d4a56,-0.1690252423286438
b90c9f5dbd68f4083b558a5b5,-0.23416255414485931
1c368fdca14d882edcabf38b0,0.18341466784477234
67fe87b396a5c4a4e6af13502,-0.08807694166898727
95b08e506a485509542d082bf,-0.7471319437026978
7a0063e56512ffbd249731965,-0.04831204563379288
ee15d943b5b655c1f81819920,0.22734805941581726
a4dfc769767f9f1a39162bc69,0.23222486674785614
08714b2862a84bb2939620ac9,-0.03315036743879318
071f45c3339a17e014ab36a22,0.473434716463089
5a8cbed7d6d5724ac08d8c191,0.6437106728553772
a70db0b31ef1969c6b53ab87f,-0.3608275055885315
367769929d0f16df4424ce18f,-0.5199782252311707
67943f0dc9ac73458cb0953c2,0.09831959754228592
6ef0eb88a23ee6d0792adeefa,0.22529463469982147
665a09b1be9eb925fcd0f9300,0.357219934463501
70df5d43436955c0c84d627b5,0.06070449948310852
0b6b725a3e65d7d9092e1f2d8,0.4174949526786804
c1aa81f096baa0f4bb38647c2,0.028958482667803764
95645179b709f35f2143487ca,-0.6333289742469788
0ab885e80a14d6e80054f0f24,0.25557374954223633
4502ec7dfb692a51945e074ea,0.18395181000232697
df66cfe4b81fafcf929ad98fe,-0.34783118963241577
5d095c5f1f148eaa80bfc9407,-0.42311543226242065
d3f167042173d994fdd6325ab,-0.18266484141349792
930878c3f98c06433918f02a4,-0.3183540105819702
d31546882cc340792776d5fca,0.041099175810813904
cd7dd7ba5f681255b02d25315,-0.447292298078537
da49feb0b1ae32cf3df32b0aa,0.04916053265333176
495680b98f03c132604e30a5d,-0.010775784030556679
aae59082e23998520e2377d75,0.16691464185714722
586ca36e64cde4170a34a954f,0.2543436586856842
29e87e03238abc0e4442d37bb,0.3866521120071411
2e5b83d643ec479d2379273d4,-0.11527892202138901
c784b74684da5822fc04c3d56,-0.13189905881881714
c718f45628821bbd245146909,0.19659626483917236
35c84dac3cb1e0e46dfd51ec1,0.6571540832519531
255d6c481036fa454cb3990b8,-0.23881076276302338
850d542fa2f5ba9a54e3c6651,-0.45710092782974243
d32263c20e281a55929bb8ff5,-0.19280657172203064
b276bae6f618430191d2b9c85,-0.24178124964237213
8f0301611408515e6d07d4ed7,-0.7393460869789124
84ec593757fbd0056635c64bc,-0.583765983581543
de6b626e969b4a637c8b41287,0.20090541243553162
88ba8c2c3f272f97e0c823c6f,-0.5463172793388367
9a7ee990949e0ae8d26deef9e,-0.15564019978046417
d23ccf4f92a0f4c084aa50fea,0.14103123545646667
090fc9638205b4a57a1ee955f,-0.7440312504768372
3001e677f93d5a9341cf2d289,0.33086520433425903
c79cab75c37af9e782406bacb,0.2178729921579361
7f4a911eea259ed81c8dd49e6,-0.07019799202680588
8c0428194f1bad94be003bec1,-0.22165709733963013
605a9b81b8ecbeaf6a0b962cf,-0.44876527786254883
376f563938bff5c8be14856e0,0.48898598551750183
6caedfe9522d2190860c98549,-0.2691876292228699
e577845c6e1c06e5e086afb0c,0.1597367227077484
f78be908cb7fb1a16d75d28f4,0.11184907704591751
e2df6056bc9ea2d226db716ff,0.5381980538368225
8ad29fcf12c04421fff089a48,-0.01931741274893284
2679cd7bd04e0b36b15a0eb63,0.19125480949878693
f0bdd7693c6d3a040dcd27531,0.2868273854255676
aaa35411fe49fe95205394b81,-0.3561233580112457
881de234548e370cacc851729,-0.590182900428772
e549bd2cec16e83a1ca4e70dc,0.32376980781555176
c55ebcaf75cb9c67fd0a40d21,0.2724789083003998
4c873ceeaa965bbe47c4f3312,0.4626356363296509
a4d0c32cf101c9be06860fae1,-0.2995857000350952
87b38ab5cb428e6951d507be0,-0.3374190926551819
fc355157f38c24ecdc55a9ebd,0.022134697064757347
eba95ebb9d68169ddcde1f04e,0.15636713802814484
3d7a3ee1cd7f2caa06bdc0d3b,0.3788030445575714
da2812ea6e1eb475b8fb3108a,0.3885157108306885
1e1d07032bd41ae7166b79111,-0.5346032381057739
a5377cd809aea4f89466d53a2,0.1540212482213974
e4b073eb6ce793d393c415adf,0.10632582753896713
e60c4bd82d65c855083b6f4d3,0.7207757830619812
decf76a93025b37b66156b34c,-0.2475256472826004
1c7638c49aba619da457e9297,-0.07707791775465012
26aa495fb99bff0eb0930f0ba,-0.7121400237083435
80a035f411a1c98aca67ec5b6,0.10146423429250717
f76c9dd9caa5cb40b8f02ba3d,-0.7203485369682312
80dde839924ab8031df9d1d5b,0.09999483078718185
1bc6239b5de9bf1a181894855,-0.05244865268468857
206a3d71995e03aff483f3659,0.4734055995941162
a170ef0b92c9ac485e452bd13,-0.08697088062763214
e54dd378ded8dbfb035a4d728,0.5300476551055908
8d15459b9f365691e53039d5e,0.032272376120090485
786d69ee1f89c0e1421f853f2,-0.524469256401062
ce92d9eb8be73504148811e4b,-0.6218133568763733
a3c89aec0d224b764408228c1,0.05135940760374069
35b7c3bc6f6683fc442d40da2,0.4979236125946045
3e6aee359efa4a2690893c77e,-0.27868616580963135
7e941f16fee8f498320954206,-0.4648476839065552
c6717f209790dcc18a48b9026,-0.19846585392951965
d5c0b556baba76ed4506a5387,-0.06745202094316483
18461f77b1e1c977ba5a4590e,-0.1951017826795578
b2f0e6d774c3eaa8ded1a7fcf,-0.16765056550502777
8f9b35bc67c793bf196509db2,0.15420570969581604
155a75953b43347c9880f7e59,-0.39104634523391724
fed23ffcf278c8e55a5cce83f,-1.0146379470825195
4310acce462c66410e50b6b96,0.7293480634689331
b37055f8345024a5abb299123,0.3907809257507324
49b95be03dd9a24e1d89ca527,0.09118128567934036
a1d8ef9ed7b6b7a1f984f2220,0.13553917407989502
7cc71d0a228da8d0c156b2b37,-0.21347464621067047
a71b12fe78ce903e9406f1164,0.040883563458919525
494203fcc5bb470356ad1fddc,-0.16190002858638763
8a882b8465f4066b38d3ae6c1,-0.49160492420196533
6c613e4f86122b765964e2a0c,-0.6816648840904236
45af89bbe337a17958110ff0f,-0.3080994784832001
f726ec30b265fdeb6824fc81f,0.194505974650383
16094f1ef7cd1da52ff6aea61,0.17986012995243073
9a913a94add56d9c13c1fb142,-0.7030656933784485
740692ae1494ad967b9e9d2ba,0.41616761684417725
b40fa612233ae3cc1acec2ac1,0.3240700364112854
1e08b6751fde632302c3c5ac8,-0.45263156294822693
cdcfd6d23794bb4b0637ac05c,-0.15369458496570587
f19dfd10bcc3cce6eafa803ed,0.1835649162530899
a1ce9837d6e32150421d8c02c,0.40361738204956055
160f5300b5150c71dafda2520,-0.41067925095558167
83b93be75d29d691e184efe87,0.11211208254098892
7b9db53f837758f709d9bffb5,-0.19066010415554047
702b08d85fe7889f351169bce,-0.7972372770309448
05e2523912e019cd129429c5a,-0.41906318068504333
b3de6d1cf912a012487de8120,0.04142662137746811
6086bbe6deae7c90a8a576a9b,-0.5301908850669861
6ced72f310b19130002e8fe8a,0.3125147223472595
0d0dfdcf27dedb7e90a13965e,0.33651411533355713
e93b415a878928b6ec59b6079,0.45175105333328247
66601b8fda8e9024ee2a41fd8,-0.6131454110145569
ba84c15b5a60f22d32fee4323,-0.013381006196141243
d1c511c554ed753db3ff5d3c0,-0.8338781595230103
77930b6b8a39be7ab8d652076,0.2671668827533722
b190cbc3c75a3dc263992c3cd,0.1258474588394165
7adeb16cf37bab372cd786b28,-0.21902193129062653
90f3bbe7b336ba02ca33efafa,-0.18345631659030914
4df6c495bf791a5f254d0dee2,0.03984471410512924
382870e88c39715a70c725321,0.05423598736524582
ac7dda675e97a8a92b15713d6,0.16901205480098724
4859cccefaafe5adf7271403a,0.21602101624011993
a3fe49df40acba1b4070e05e0,-0.03391309082508087
c0c6228d4b61440d923b5baa0,-0.15685762465000153
54e630ece6256dfdb822f452c,-0.6540325284004211
75b69ca510be45fe9ec5ea5e5,-0.15907688438892365
c956e6fa2b42be0e0be5298a0,-0.07391023635864258
b4b30a48453567cb217a04217,-0.01978803612291813
69edf065faa21e47ced1a35c1,-0.44002893567085266
bc63485b330cecae16ec8cbdc,-0.16220177710056305
959387e14e45e3042747af0d8,0.12421778589487076
d1d58aab0e02adb4c1ab1cee3,0.026380112394690514
32bd90538baea69258f048c98,-0.571201503276825
55985eec6637418650863d718,0.699468731880188
316dfdbbe6283718860d9045d,0.15297967195510864
3f83a3314dd3a32e1c859f397,-0.27876102924346924
1d53ad36ace7eb27c5e10ee2e,-0.3532537817955017
ed1c00fdd0cb8936437757028,-0.2085944563150406
109facd0f5eb7e9c025db26b4,-0.4487316310405731
397d5b86e9a2109f42455cd94,0.048426032066345215
14bab6128e40858ec8fd7d9f3,0.05372249335050583
6afe9c03e9eac6d14ac18b5ea,-0.47262322902679443
6f2bbb08f55b5a2827646c63f,0.05758672207593918
2f29b1b07f2e9e44ed38bff73,-0.24282421171665192
e61f043f27e07b2c73d094756,-0.4779684543609619
9f962da62ea35bbc1682dc2d6,-0.18549272418022156
49c949564c05a76feb79cfeed,-0.4460645914077759
829261dca27ae5b88be921560,-0.006081605330109596
7d2ef352c0c10a88e1c351b97,-0.5760211944580078
2585adedf68c12f99b60f7865,0.29069799184799194
b96b4715fc488f253d4e5b16b,0.4855172038078308
0af793fb6eecc02b30a4f8ba3,0.15327729284763336
781e3d8a5a18f2e4deb34ecf0,-0.05579756945371628
3ce5e65bb41b55d7e69627cd9,-0.01609068550169468
96eb266c0e48138bc127e78af,-0.011437410488724709
e6d4920b4f1a6a276ef4ff2a7,-0.18327932059764862
38b87686bdaea16ede933662c,0.24157389998435974
77ddfa8663568fbba5c2c3e2d,-0.5261692404747009
4dcd147a1c65d177ec83be6cd,-0.9366140365600586
28dcd7ed41f24a8da629bd71f,-0.07261919230222702
f844e4ffde8f60f451e1afe1b,-0.5609666705131531
375e9f6ccb40ef4d8f0fb15bb,-0.5160020589828491
f78ae68d1f37f06053088ae2b,-0.5763862729072571
e503f64a7d05202dc4a96dbed,-0.3714742958545685
98597fad9e720985a167a0db3,0.24295876920223236
2768a9b17499638322c470bb2,-0.46513891220092773
fcad5ac226a62b1fc3b072d90,0.09018201380968094
2cea422f41f492774dc8f878e,0.18438167870044708
2d3f87b887e34232bfcfcf237,0.33206427097320557
71c2c11e7fac73997bc3e0697,-0.3924034535884857
6815a6cde853f22f37b157097,-0.24718351662158966
5c10cb03182f17a9c875f96f0,-0.24606435000896454
0a0dcfb1d8471389424848d48,0.004914252087473869
81988616b124983b7d6ee9200,-0.4066018760204315
7c9a0a926cdfe193984662d26,-0.42208248376846313
5a744fcd2efad1a17e68510a4,-0.16219405829906464
777757bf6ee265bd5f32aa84f,-0.48458391427993774
b9c449fecf5b4d1f2d5502bfd,-0.2673768699169159
3a4a2fe7e6db3de4273a6bf1b,-0.00412558950483799
bf952a3d7165583c812705d3f,-0.3309534788131714
9b110604c37a1e6fba8624578,-0.12803082168102264
2d41bfcd5123eeb01c933876a,0.07854388654232025
af9f2a57f8a3d3882b651a0b6,0.2933986783027649
8db8b76ee06fcbf294d38b40a,0.298382043838501
289f655a22b5624adcd903bb0,-0.05113149434328079
42c34ac4aea82d857465d4264,0.15035773813724518
9a7d89771fbacdab93d303bd1,0.5395086407661438
44d9387a2df092fb0028b5772,0.0696597620844841
40487d4f8ddb2d34cbc3c456d,0.1751478761434555
ffd4c7aeeda8f61dc37edcfc7,-0.091118723154068
06cd9e0293531569ee73e89c6,-0.4298040270805359
59d2ba17ec9cb5ce27d0641b1,-0.04162173718214035
0fd28a432e01f16eee7bcf174,-0.4165019989013672
8e7e84fb8e3b70e220816ad82,0.22293175756931305
b64645100b7c3dc55e7d71d43,0.4411529302597046
54258f370a81d10f02f22e236,-0.33448201417922974
658ffa1abf6ef4d74ffac0726,0.03434668481349945
fc677323f9a0ce82ab5348331,-0.7686259746551514
45c36a62b344bba06f2c18f2e,0.0265475045889616
cf599632ecb1a33faa842232e,-0.11494076997041702
ac8e632987285fe8f56a99da4,-0.520319402217865
9383f4cf9ab2ca0a208c45783,0.19953465461730957
c766d87d87c417c9a4c228de6,-0.05038271099328995
959572123649f91b862306130,-0.2140554040670395
a13a4b90b93d3a455bc86d5fa,0.2452419549226761
fc61f753e9188f36c0b14befc,0.08998673409223557
7d89ecf30fd3710a7a4a20378,-0.14061303436756134
9bf1f4325f71a4c8ec8900af1,0.04207175225019455
3b9adb33046bcf2feefc60cb2,-0.24084259569644928
7f208631cf507fca09a0cd2be,0.19620643556118011
92c15ef76e731e44e4c89c7a3,0.5023204684257507
1529a92c4d933e3be67098ffa,0.07720969617366791
c75741910d9515e7ad27c6456,-0.365993469953537
5ca8e17298a3af2d4d2c29920,-0.11498194187879562
3ecd524cc76542efb11a80b21,-0.30047959089279175
d42cce7777e36ace175bfbd3f,-0.5257793068885803
f6da544889563808fc2e1a645,-0.5424314737319946
1a17055766cf0159325c7fdb7,-0.06479676812887192
038db25c219713a68f77de498,-0.16684220731258392
fee84990269f2391bc2b82f2a,0.08492258936166763
9fe05c74a0f2eeae9183810a5,0.4052295684814453
d6cadcf69f17d2fe782a1ffff,-0.2959088087081909
8830303451b896044f875f926,-0.19976551830768585
d43c6cc279ca95158c17644a8,0.4008847177028656
a9a4ddec0b5276b5bf6dbad28,-0.14531855285167694
57f23e3516b238b5b27a5116e,-0.6805108189582825
c68ebc902e16d7cc84ec93721,0.15372444689273834
4a0412bfa7ddb954457eae791,0.34041452407836914
4e78a2226fe02cd9afa15a745,0.04978766292333603
2c19beebf3ce7950c6ae9c8e9,-0.6668981313705444
0d1c9a67a46b3a4c80a14fc4b,0.47875332832336426
ad4a0b84f235ba88772ec76e5,-0.478635311126709
6bccc4e4faa92121abd6a3784,0.03420665115118027
afeb72c453cb6a54dcc67d667,0.006747221574187279
aaecf3d513a866923321f26e4,0.20918814837932587
63d20d8a88f421c2ee4c07d09,-0.28149205446243286
2604687a559c7ab9535b8fd24,-0.11234638839960098
290349f0220209fb773fd7d2b,0.04978318512439728
0facb7ddec3238b5e91c00d2f,0.36913034319877625
6c6d312d8e5a5c125ce5fc850,-0.1657196432352066
97f39aa0678206387865570f7,-0.2514931261539459
45ab462f68e7784cb819448fd,-0.16226044297218323
85a6500807af9842e0341238b,0.015811940655112267
8bdefd337568b3da24067b568,-0.5881430506706238
691ef48c90cb7fa2ce9ccfd59,-0.4337148666381836
5789e1f49cb221174d9cdab90,-0.12791748344898224
638704f7c7596dc2bbef6ac05,0.2089657038450241
09e977cc90161f4541b5e1a35,0.40104934573173523
17b382e4cbd97c7eeaf75b1f2,-0.3635881543159485
1fac4045b5f8db4510cce0b15,-0.3393096923828125
82d63f698926affadd763a486,-0.41777706146240234
1e8d4aa88a3d93debbbe54abe,0.00823201797902584
338143bce787e648f022e267c,-0.4899858236312866
a57d8fba28c92f29445df3ed8,0.23398655652999878
ee5adf80f73a32aacb027b3c5,0.20917916297912598
13683328503d18e47699992fa,-0.5629947781562805
f38df239a2af739aec42e07c1,-0.07314412295818329
6950e402dcd5daf2d2f891b33,0.2957724332809448
51e1cca6ebc5aae351448591e,-0.5989071726799011
3a20b7ee874471ffca0e1b096,-0.11122091859579086
2e6ebaee515dd2a2728a8a68f,-0.13932915031909943
cbb474135ce042d4d72e5802e,-0.12274696677923203
889aac2c8ad87df1ab0adebb9,-0.005659649148583412
ce1706d78d5356dfafa1d83d9,-0.04298008233308792
a2414b903dd4a800cd463dd18,0.33766117691993713
46084586b5281e459e60ddcb3,0.1063074991106987
6839e5cf231eb21299db9f962,0.1652676910161972
f6449aa9eceed15532397e19d,0.44981032609939575
c2182e9724fe91bb20d2bd96d,-0.44573697447776794
a8072894ab3360364813bcdd6,-0.29387137293815613
efa36d380e37690b539775efa,-0.34016263484954834
dab0d85576e0431ba2d7947d9,-0.150205597281456
db2d3973b43937d1ad8182429,-0.5968038439750671
d3057336be8a33941a56feabd,0.11266282945871353
7c78a61798acc9e984be2c091,0.27535584568977356
1b0306d17fe6de39eafb15c56,0.028823046013712883
6323112848988cccb32786c8c,0.6663814187049866
dd2047e6185c6ef39e249d278,0.23678554594516754
32dd37dada6f7232c0f9a9542,0.08678063005208969
2cb045596ca2ef32a699bfbc7,-0.25932687520980835
adc834139c2459532fae2180f,-0.02208293415606022
61495824268da826278514a15,0.5161155462265015
ab459c1efd5caac64a9630103,-0.21370063722133636
27067810d04866b45d13f983b,0.3726113438606262
5607788f4f71a7666ea13de07,0.20319531857967377
4e9c05e1c8460d36990754725,-0.04408467561006546
93c48e1c04c0a4374a57539e7,0.20882980525493622
6ebadaae4b86bf28a3980a440,0.23746976256370544
c7b7263b26bd486ce481232cd,0.01647755317389965
abf16c219a40c3f3898c4f893,-0.28581106662750244
817dc1072eb0ce32ca372b00a,-0.5280768275260925
0391d32feb27777bced318e2b,-0.20334534347057343
f47082a01434de09a90784b55,0.28462421894073486
1c894f9085807eca138bf7def,-0.4549301266670227
25b2e9da3ed67646c741ef456,0.08079493790864944
73c22157fbd8a986f109e37a3,0.3639869689941406
c1c71c0807570247e403b43a4,0.25426509976387024
efa68902697eb34ff3b226ee1,-0.07098264247179031
eaed8bae8c8421f7185aac88a,0.03943605720996857
75264c98a89ef3ee05de84bbf,0.5901513695716858
e316687883203eb18b83c1d84,-0.7018502950668335
5aa6aa56416524cafbc1485ff,0.5471475720405579
248f8883703f2cb2552521d79,0.6930341720581055
6126d21f4d98bd073a08cb7a9,-0.6535950303077698
e332c348fb988c0b8ef163e51,-0.12540659308433533
d847c07faaba0156973d07de1,0.02324112318456173
7becfc1c06666dbac3f2ce296,0.06713684648275375
f60a8f89c6aa3d999ccc735e5,-0.26164066791534424
34f7fd01a724b8a572fb5a877,0.23006269335746765
bddfc4816e80cc74c16994059,-0.7921196818351746
75fabaf663e6f64f634fb165c,0.2564413845539093
78e5f69be6a8ea8dbcea8f45d,0.06934090703725815
c3a054064b8d3765f0a7f3c4e,0.06463447213172913
7b980be606d5807b75e7d0ba9,-0.036261484026908875
002b1042786d8128235f48d97,0.5332131385803223
3c6fa8e8c890a18dff981a275,-0.6108683347702026
d612b7f1348c85cf06795ca34,-0.06351161748170853
50c38b3c4122dc33f56220f3a,0.3611087203025818
78d49bd68e156b8af07409927,-0.172564297914505
0f7f4a59bd58d9ac62c69eb84,0.3123980164527893
1c8234945674d3eebfa6a4db4,0.9147199988365173
55ad48f5b75b0d2935a7a8f3c,-0.6050713658332825
4f7ef9555b8894a52afc6198e,0.17321228981018066
5a8d495c6a5b8d92626e9f1c9,-0.5931918621063232
42f2b8abe1b00fab7d4f7b216,0.022170012816786766
87cc43fcf281a86c31a64626b,-0.5343161821365356
7c1f2fe6a4f5d08e22ade1dc8,0.104324109852314
35b70d747501a4c302f67aece,-0.03594156354665756
127a18b3bdae94968587187c0,-0.3746003806591034
bfe6efa40cc0828633ea29608,0.08570845425128937
61c0cd0dc2c6d7e4a3d4416e5,0.5915438532829285
08006f284920d500a105ee12b,0.20166704058647156
197c992303076fb23b2d4ba30,-0.03169167786836624
f77c9ab8767bfa0655403309f,-0.18541303277015686
d3a09fcd01b27c35e8fe79ef6,0.028684290125966072
f213941dbefda16d0cc8c4809,-0.3650591969490051
c47f795f9aa0965c7e9dbf2de,0.2267472892999649
51b8450bb1f485160da1de0ec,-0.20227843523025513
2d178ee188eb5ef5e0392425e,0.02515859715640545
dadbbbb774e020159769db8a8,0.04281412810087204
2ac6f5f3b8a739748d5f5a78c,-0.8226478099822998
0b82f31a7b5ecc8f7fe8af671,-0.1681981235742569
0547a25ecc6ae4cf4d75150f6,-0.4173354208469391
3967e5cf04403765711a30595,-0.5403956770896912
a41119dc9d924d8c0d4644397,0.08927974849939346
683245f4e21fe00b34d312523,0.07890893518924713
540eea786992a37302dae5a67,0.03123789094388485
7ff73ebd01663c3097190fbe1,1.1624325513839722
f272520dad974141d5e908ecf,0.3111964762210846
7b8c67e25d08026939730abf2,0.36188608407974243
a3335123f90e2664bf75cf755,-0.4212903380393982
434aa38f21fb8dc88666bff2c,-0.10367695242166519
4036a11f6074e02fcda7ffad8,0.3574850559234619
3e9425cc351313528c30aeb33,-0.5497675538063049
8291b7cbc25c0b447235ceb64,0.16293832659721375
1feafbd26fa4e958ef382896e,0.6854439377784729
7a5c22b8e0d60d3f2e556e02e,0.3543779253959656
ba9526a9020a87718f3a28091,0.10360308736562729
70c2732bd98681d1e4e7f7c71,0.05185132473707199
81cab0f0f5b9ea9f769d4635c,0.18166141211986542
2c5eb7c37402f9ac2879d2e50,-0.16359233856201172
665e4defb66d50dc761fefb5f,-0.4954003691673279
dc22087feb45d685b9f0a3782,-0.22433465719223022
054fe9922598550341754077e,0.16782493889331818
6d55ab2bb51dc9373a60d81b7,-0.09246058762073517
72365927e7f6b692e8ae6c2fd,0.4029286503791809
4f7e3104944bdf5c6cb305107,0.20294281840324402
4a74af3aa1e227ba97dbea125,0.16340439021587372
662cf463c291ebead0f8c0c85,0.580769419670105
4108f61ba788911ca8a8095bb,0.016045784577727318
d6ebcbaf4c5f75778b56d1275,0.012950694188475609
92f8af578c8ac1c2dd65f6e07,-0.1578691154718399
b77565aa192dce99f51930688,-0.03974698483943939
01898e6299b7e742c7e2b9202,0.19257383048534393
a472c6f1004ccb62c8b3af628,-0.3270163834095001
765982212533689e2385c60c2,-0.45352819561958313
1dd6c51ba3d525819769876ad,0.3787026107311249
aee2fff0993d65c1a83a13836,0.1441369503736496
dbec6183b649b79ec4293e2f9,0.1457410305738449
1f43a1b1000bd9a6408cb169e,-0.1337490975856781
20782fb4d67d8c2b7745a9cf1,-0.31659606099128723
d1705cf9b3bc5e2b922433a73,-0.3202691972255707
e87b6be1c4f29c9d584e965cf,-0.12972523272037506
45baf6af426b4248e91e34d98,0.0946628525853157
8b8fd30190795d5b67e7bb319,0.8463981747627258
551f32e718f392105fe458681,0.6327242255210876
3264ab7356e8fb208bc795e34,-0.5675297379493713
0138761c7fc00b74019729dbb,0.5704633593559265
4ad683719c0546691b591dd16,0.42936569452285767
6e9efb7fc7e652a7289cf05bb,-0.762657880783081
a06b7e0092fa6d407b620ff71,-0.8516801595687866
4008b36a95a2bb3b3d88ca34d,-0.19738684594631195
a7c205cbc9394408f292d663e,-0.028941193595528603
77c8b6cf2df9bd59954ef3f34,0.520598828792572
7e8e4f75e8dabd980ea90d98a,0.1767234057188034
13100393e573eb2d32cc9e3f2,-0.17071184515953064
9a9e5ae6dc5f147f6a2e7d8e9,0.039373673498630524
e68b04b770daf896e0c91e185,-0.14089618623256683
7eac4c1df4691a18aafe0e53c,-0.3626195192337036
e92ac7ab16f30dd83ce82c918,-0.12098407000303268
5ad4071bd88a2532736c89e95,0.047373317182064056
ba2e7ec79f34272cd18a37cf4,0.6304624676704407
55f8344b7ae3034896e053422,0.14339394867420197
5296840149cddf93cc98a4c3f,0.5185524821281433
2e74f971e3593f7246b249215,-0.20155422389507294
607bf6fd767d7d454634f33af,-0.3207472562789917
a7e0bb6740f3b68a784c8f434,0.17601712048053741
430e1a3a669acb8340f41f9a7,0.09636423736810684
931b5afa77ed16aeb4a35e926,-0.10900802165269852
cfc52d3ac96ef9bb16a4d4ec4,0.0561150386929512
654f1e1a6302a31e76871c9ff,0.6623426079750061
765ba12857804a0291df3c513,0.9714862704277039
549528e97934cda5177fb4843,0.40987515449523926
01cfc20d78ce7c2d1f573159d,-0.4999327063560486
7d692d548107be28ade3de530,-0.22448331117630005
d1b734f3e186c31c465c9f279,0.13341979682445526
7f9d0c88f3a2a3bd454d80ff4,-0.5298831462860107
b076ee1c8307d3ec30f98078a,0.11752504110336304
46897e9671f15082b0b42edfa,0.04308667033910751
d9682991c97fb5fdf62b5352a,0.47799813747406006
8abede1e45b1e3a60b89a528f,0.06148075312376022
cdd51125b2f40c624cecd9946,-0.04528655856847763
8072e06547949e0152def18fb,-0.7643824219703674
1df101626a8e21aff10a2bfd4,-0.2838878631591797
793c50cb1caf1de005f5f2f75,-0.08418097347021103
fda9fe7aa2e9343d5aad149f0,-0.11632975190877914
fa3eca140e56e730a08ee5a05,-0.18782904744148254
c95f5555175a0d22dc89a6203,-0.2080049365758896
b8edbc3d66821301fa7bd8563,-0.5319995880126953
bf0c1c92274de0c7ae4aa4c74,-0.13141417503356934
afe20afd2da29c187592aa9a4,-0.031205231323838234
64701ed00d39bac2ed8a4925a,-0.1972326785326004
cbe1f114ba3ceb42bc897249d,-0.29148027300834656
1af92203d491682d045ff786e,0.38717493414878845
c744bdd363ca88c6d193ce878,0.008943503722548485
994932ad7b87c6582723b9ace,0.07027792185544968
85a526fc28f7bc7fbdae00b6a,0.6434630751609802
0b204c93fecdcdee725167736,0.09229166060686111
ae12ad0f91b69622b1176f602,-0.10336524993181229
323496f05c9d5541e6554dde4,-0.403309166431427
c70d6eda7b92b7f352300d6a0,-0.2832091152667999
0f76d901223138d7e5bf09c4c,0.4273681640625
8377b7a6f94eb2fdfae69121b,0.5603812336921692
afe0569493bf19a614fac3319,-0.7770917415618896
ee9480abbd5a1bb65b0f13ae5,-0.09630483388900757
c35326b5c412ae08a04015c5b,-0.7176428437232971
6883cf44469556696599b8a57,0.2787017822265625
796652745c43b03e9809f39d6,0.16012339293956757
8153cffc331d89acd3501acc4,0.31896644830703735
5d55289f13e6586f0db039fe8,0.3068276047706604
97aa36dc5e2cd37e469e5b771,-0.058791227638721466
67404224ca67dfc230ac22227,0.6546366810798645
2ce4ba272f249f51e04572657,-0.21048323810100555
5c426f5fa1231e1a55e51c012,-0.1244034543633461
d59e6d594876456e551ad1856,-0.40330564975738525
4d7dbea742c130030d91ec98f,-0.13621534407138824
96334b61fbc2921f51a40d58b,-0.14721347391605377
7a8e483196a7dc8a891138809,0.3617071509361267
b89ca95251585c2b30a944dd5,-0.3555355966091156
e1ef1f794078a45e86899cd7c,0.47273823618888855
651e80da71db9d4075ad1d121,-0.21944300830364227
ded40ea1c02b8137df4d5eb79,0.3346579670906067
58f52ba5797869cb41a251f3c,-0.09547454863786697
6779316b196411d062516aa55,-0.21983112394809723
ab8a65608841ede4dc24cae02,0.3063419461250305
1ddc495bc93d0995aae4b5df8,-0.5035331845283508
86d391febc96f4652fdc6d423,-0.3339960277080536
2d6ff2db5aab37c84a0112651,0.806581437587738
199b442e5a2cae1a7145220ff,-0.30274033546447754
6c479dc14ea00621243123ae2,-0.15135391056537628
4017c2dbbed74c9b5215da44c,0.611829400062561
b9c5669ae3f1f0de3e78b1ca5,0.20240511000156403
f3d3a0f313084899ac190ec91,0.36455705761909485
12c7de161c67385aa1f0e5205,0.40307939052581787
f13201fadab628f74fdf1196f,0.43967965245246887
f0c3ca3ad179ff2d345c0741f,-0.09981135278940201
8d77ffefd432b33856021e48f,-0.15655416250228882
55883ed4c4eb4f96d06383714,0.38840746879577637
933d73a2171eb7567ab7fd6e0,0.23978160321712494
3cb5ad86d05d39fa8e24e5b23,0.02874915860593319
e01d6a45b16e31ade2d6ca8f0,0.12066157907247543
fb37e2484ea3d055129a88bd3,0.6268519759178162
572ba2123f673ff9785076e8f,0.7308853268623352
593a3a5c4f39749a46e892886,0.12496315687894821
38d74ae6dfe5342f36b4f8838,-0.385490745306015
c9371d8e8a52870b6e31649e8,0.16963128745555878
2c5d11f7c72bb1bb4e5e774a2,-0.022632190957665443
cb287a575ea329efdc4e67c90,0.17555299401283264
61cdfe0d129c46e8ea8c4450a,0.4466346204280853
254c865f0a7c6c853831d0a44,0.5687910914421082
88c6feb0a010d4e09dfeb7d31,-0.28619736433029175
a704e298d655963fc002e653b,-0.4481021761894226
6433b75c356f4bf2a280f4b83,-0.1434689164161682
669a181089fe82107a25defc0,-0.6098542213439941
a468fc8b29c6d1aa621f17531,-0.24371080100536346
ae87ba52353647c857d0cfba9,-0.29197201132774353
887b7bcdcd016404eee842f31,-0.7717157602310181
de17970705e3984afd7473be0,0.47555285692214966
5ec65d0a932e32669b0938ad0,0.48327410221099854
8b94448840249bd33818d36eb,-0.328975111246109
3f701ad131d9d685c1a3facde,-0.38939690589904785
c78dcaf349c6602c7bd4480ce,0.7285536527633667
514bf2975b09b7eca6ac72d66,-0.08316449075937271
fcb3f30168568ab8563b82468,1.020295262336731
4f95cc94aa03f0de057cc6520,-0.009894127026200294
2df5017e04938bfbc20117d45,-0.23338891565799713
fcb6fc70c5d351bfb3778bbbc,0.5015516877174377
dbe2115dcd795a34356bf91bd,0.20007210969924927
4573993d775d717d9bad55f55,0.42883604764938354
602dc709e0a88a54613e56af7,0.3412054479122162
dba5e6daba148fee0eb57a343,0.4348452389240265
2f04a7999c8bf2b87bc49c6dd,0.5103901624679565
b4c6a808c8cffe99f0b9c6589,0.08680184930562973
43a79d0de696c355e11c5d24a,0.04603622853755951
99af9578e6a64d38c5108410f,0.46695321798324585
4a26c8a4146c207e7f4f70298,0.49478664994239807
af83c08619e4d334a65d09f24,0.32727012038230896
e114899b6d3dddf5d67f8fb96,0.25652459263801575
d6044ad42dc13233989a4b459,0.33445557951927185
861ed611bd8ed173ca7aac3af,0.25653451681137085
3f1c994b0b6dd4cba5a4a9cbe,-0.3380453884601593
6b332986121fedd704f6c40bf,0.37950220704078674
c4234583303ac28aad72e253d,0.2650262117385864
a8fc4146a4ffb90929cad007c,0.3270074129104614
ed99cc1d875a046d3b22fe64d,0.293754518032074
4bfa4fbfb410a39295946ce69,0.10553611069917679
deaff9a1776f6effe3fcfec73,0.3661416471004486
2c1b635fff667b4a44d900485,0.2450728565454483
2ee7bc50b5f2dc812620f189a,0.18785467743873596
7af35e7c3ef1904ad2e8f1784,0.7686260342597961
c6ff11acacf3cd25534019fa3,-0.060142748057842255
5097f4c3b9d8183173c0a95ed,0.1791253238916397
3c214bb5a9a1d4ef003a3a967,0.4764040410518646
5838efdc4d0a166cf4c5fd217,0.3180100917816162
18e0d0e61321033553d329283,-0.003397466614842415
01bc55b7baa0bb9739d2fad1c,0.09649860858917236
93686777fa1bdcd394d209c98,-0.1697305142879486
d594ea49e0ec1b0e8d21e7dd6,0.05587797611951828
4e3b928397fb242d090f2a4be,0.3216017782688141
212abc6ae1986e1ea4dc1dc2c,-0.010580269619822502
2a38691ee329f5f0da19fe0fa,-0.048825331032276154
93e147b69e1a1abe693d1cd65,0.4744194746017456
423a984da4301fce00dd3dc91,0.366129994392395
69a7a338d8a326cafd3645a17,0.3249377906322479
74ae10f0ff2a1c940880ca68b,0.3021615147590637
0d467a45feb865dfc2ba5df1c,0.5361965894699097
5841b22c33841327102afeac0,0.4223315119743347
4a06ae9341785d0275f66acd0,0.3986284136772156
9553fe9ca2573842aa0df7b0a,0.3084564805030823
0349b7cbee0a7b0f126e2d107,0.3595195412635803
04b1ef12a455f6aed25c309a2,0.5141480565071106
eee5797ac1a9ac83897d78ea3,0.024899063631892204
6053bdb90b9355ec9de5526ff,0.4404287338256836
548e0820f3eeb1340eb4d7390,0.2657106816768646
ce4e3637dcdeabfda752890a1,0.17681920528411865
198e90de77af571c26042957a,-0.1143142506480217
52f470d2952ad2cb2f75b45a1,0.282563716173172
a2fd4be49dd57bccf2d28b9f0,0.15721853077411652
4e26909681422353c40291113,0.16525281965732574
0d05326775887cb65d6c400fd,0.592839241027832
33e0f66a0d28ee37b576cee5a,0.47286707162857056
abacff49a005957d89da4cca8,0.47088465094566345
b3fd23a33f7323fdba84d72c1,-0.2408018261194229
e130ba56b553f8fc4fa7df26e,-0.1375405639410019
980bdd20a422c2a8d51baebd1,0.08538634330034256
e494e528dd091b4d091e40f9e,0.2107575684785843
3d0728f8943c9f98e7b5185c3,0.3911435902118683
cd7036bc084224a3252e42c71,0.03734911233186722
c886b26937f5f4b308e49261a,0.4255692958831787
6ee7ccd36a69302c10537b19b,0.5374855399131775
110f88fff4e44319731f43299,-0.12059519439935684
db6b3d91f72af07e86ead1bfd,0.15026143193244934
af6481d902e5feda549e3eb20,0.10684143751859665
c1adfa2d4bdd2613dc6e8beb4,0.5399933457374573
870a977d53cc60df994479dfa,0.44987839460372925
3cae36fbaa420b22a32490141,0.4160572290420532
42eef59e04474a19214fad16e,0.35415101051330566
78291f1591b3f341bcbf73dcb,-0.19192270934581757
774c030ad97d6ff0f440026b8,0.12320525199174881
6d41a5f2396b5d95cc3b97df8,0.21203748881816864
24a5157ad343f74667c4234bd,0.319245845079422
979b2a3ee8781f4d3fa1b2051,0.3838708996772766
45dc425887f377e106186932a,-0.028062226250767708
43ab9000e615c45bc6b185429,-0.1466556042432785
e428bd9098ef18394ebbd6515,0.2889876663684845
efa4538ec93ba529b4fc081de,-0.13082842528820038
20738c3185055ca22a0aac32f,0.6759269833564758
27f8d25530dfdd831feae0828,0.08270977437496185
8033abbea75428677cc7ce46e,0.38846197724342346
75cfc149af9d519135940b433,0.08768902719020844
c8fe3909c2c246a971f158e62,0.3333703279495239
8ef8754b1e81c2018b0ba1bfe,0.23494203388690948
0dca794039ad90262c777c5fb,0.3099214732646942
46cea33684b3528082ac034b3,0.2525857985019684
1671722f15dcf42a0f89e3721,0.30135226249694824
5c47adb2b258d50bfab46db32,-0.2980450987815857
f59324e0df1cd2fd3c7e99877,0.25681811571121216
16ac0ce490beeabf5a62e0506,0.0036537442356348038
471f9d081ec8d3726e037c942,0.33162057399749756
ca0c5798a2f9359adfb437f95,0.491486132144928
75253a5285b6965e1847d7b17,0.24409520626068115
16a68d373c08ddef9659da283,0.3739356994628906
02f99ff829f96de72707f8be9,0.3344345688819885
900fb134e87d713126f627798,0.164874866604805
aa3989cc683b0c158c9070a0f,0.17385628819465637
b26987875eb3595f833a3a84f,0.629889726638794
ef205b269f94f4b57a60eed47,0.3804434537887573
f025e1bb25b475c2b26ed43c4,0.46633827686309814
dac64a863241fa4834ecacb8d,0.2404819130897522
7ec7b93875f1b4c96596909d0,0.4532882571220398
09671299b2f7daf049bf4a11f,0.37552404403686523
56a5ceb65226cba73979492c7,0.19642844796180725
67d778d42fc8b9679f553047b,0.527540385723114
c9c7903611a646d5c005fd282,0.5310307145118713
b1652ae4b68e17890c3fd2ae7,0.5542147159576416
0cc63025a88970fbee2248038,0.520966112613678
fbd6272841c871ee798b3d20c,0.2536650598049164
f944a695f223e626bb45a4daa,0.2862650752067566
85d2fa5ed2cd43ad3034861ca,0.43968844413757324
865a97f9c1391f4592818c550,-0.22508862614631653
ce79b0435ec80a98efa209d6e,0.1387411504983902
313bfb8529bad136cc76ce596,0.24303869903087616
6061a2d86a2423258cabfcbdc,-0.08656192570924759
5c27b74d5826e8185048475f8,0.08388348668813705
ab8356f622bcb506c2ef679ba,-0.19129563868045807
fa5cbca0fabe0353896fc7f40,0.018003275617957115
93c2ab05b7e3186a41763091f,0.1615358144044876
3e9f44761b6eddbb201acc6b7,0.3323919177055359
e347211804db0374970bb8826,0.22607816755771637
e144a04c698153a9497a067f0,0.32484298944473267
f1106cdb0e24fe222bc32d050,0.38211166858673096
c9f439fad0af95747f1c17099,0.32094842195510864
479c74b33965988f818904748,-0.19052691757678986
7f9c4b901b4d1d111f4539552,0.17366063594818115
0121c68f02afcab3fb66350e9,0.5286988019943237
7180f974ccc8aed86f7d81ff7,0.1163911521434784
046ff73e90e14d43fd6f10406,0.08267397433519363
6a26bcc5bb83919bfa7f56b2c,0.4527015686035156
be3298473e23838853057257b,0.09856469184160233
43681a29af00827001096533f,0.07917497307062149
9dbbf68b141390872c66ca3db,0.23180881142616272
f05f58cfbdaee1e9f3eebf143,0.229521706700325
a5f01f9b533d33bea110b17b0,0.37661075592041016
28e3c04b6d7e2bdcc7cd4ba27,0.5058003664016724
5a0afed6c87d70e1e948bcefc,0.495315283536911
7b38aad1bde94152757f822d4,0.046261318027973175
3241b23bc2e2f0b8033dbb941,0.5164594054222107
5dbbd763a2786d9ec848e9762,0.4673234820365906
5e465993d6f45f14b87554dc8,0.17050345242023468
96b38e1cd727d3ae3ba286a2e,0.4093760550022125
4ed6e8fa79c4255eab1eff30c,0.2171628624200821
1bd674b54007947cc8269d038,-0.029467282816767693
dafce0b12163719f0541ea955,0.24129177629947662
e38383a7d9acfad242fca0a7d,0.3276046812534332
431020afe97d12ce7bbd1f157,0.3823865056037903
ccf4a2ae4adaad4b5c53f6b2d,-0.25015538930892944
bcd76b2df9a60ad42da64d4cb,0.15199975669384003
3bd0cefcbc08301466ea3a466,-0.08443406224250793
e6485bde1a77c51f112c7c0ca,0.4512152373790741
3b9d721c65c3ead4b9ca3469c,0.4294881820678711
66a194dbfeaae87195d052af2,0.19890059530735016
67bac48f1d79f452e623106bb,0.14770111441612244
14caa9aa13462fe486628f280,0.3864448070526123
f6d80d6a547d483420eaf8b63,-0.13375918567180634
e3bce9d2059170c18d0480770,0.34222039580345154
8176a13407219077f3f0de7fa,0.35179805755615234
dd060b43ca4fc4a499690d767,0.7565290927886963
e9209d6c8ece4037aa34b2d44,0.7254217863082886
8114ed155b569414cf73857cf,0.23798319697380066
aacc584f71d52d6826e03ee15,0.4721579849720001
ffb479f5ae6262a0e2160d630,0.3114360272884369
525c436f74109b910d604a505,0.12487978488206863
6f264708a2d2042a4d7416fc9,0.2783573567867279
fc898ce2edc3b988e9a2e6ce7,0.18006886541843414
3d30a6fd3eb2f7d11178c4fbb,0.007717600092291832
46e1a6fc133ab50912061f28f,0.2614130675792694
9f32a3eb991de669e21037162,0.3593520224094391
4d689a7f9cf5a1fd871d92688,-0.14899224042892456
0d5ddbe40ceb6a3321a9b2b91,0.39761513471603394
0ca06c64b0d9a062a9212e145,-0.03091309405863285
57068ac7e4ee90ba5ed1d5827,0.6126123070716858
36570cf4962a462b45a0f39d7,0.1966504603624344
1e5703e3be871abaed1dc0876,0.02493053488433361
da88e86ef2b416a13b67a5230,0.4042375087738037
e838075c507056ed5d385bec7,0.5566887259483337
d11e703e992c034d802aa1c3d,0.19002951681613922
1dba10ae116ac8ae0034308ad,0.3177793622016907
548c3c5c0a44dc95d30a1505e,0.5208134651184082
0f23a96e6088149fe6ab996af,0.2303607016801834
b131e03aeda64843e3ab546b8,0.4427817165851593
065205bd9a815a8a0891d605b,0.14820446074008942
660d5e8b9d3dcd4d76e7a17bc,0.5507524609565735
73f09c2a618c1f58741c22828,0.14088593423366547
fbfa88b7a592aa9f186631b6a,-0.35796788334846497
5f420a8b18d42e63def9049a3,0.1631384938955307
aa33557e32024c24b3a2cc370,0.013513216748833656
23350ae23fa69e63e0fc2d5e7,0.3141940236091614
a0c4f3b2eb51c0c86299df0cc,-0.024898922070860863
e7250f8e13122b2410a0b2660,0.4892904758453369
20fb776dde411f08a1cdeac2c,0.23317910730838776
924603de4bace3bdec510d71b,0.30562883615493774
8e682feb79358c233dbc1228a,-0.31299400329589844
d6bc8c68d98010c2d374627a1,0.1624240130186081
3dc73857d3e86bc097b872760,0.14216871559619904
d49326dcc93b66c767b17282f,0.02298816107213497
63eea087f94993ddf50dd53ea,0.429585725069046
69ef75076affe44101a3ae06d,0.340451180934906
1355a4e42fb428e3779b1f743,-0.358482301235199
8011e04666cb291ca6e416648,0.06564220041036606
a5fb78686e2a00dd7e1b9a6fd,0.322970449924469
50b93aa360141477b9f59e9e1,0.2985774576663971
8887ff91447c60d40361772e6,0.2733440697193146
b0a4cbd56f57a98da1216e865,-0.20645423233509064
d09285702c3530a65db886409,0.23824875056743622
f4e3f30e3e7cb9303036cd716,-0.09566096216440201
e9d72d2919119a8f701a89638,0.0913698673248291
faa811badce625402df7f0112,-0.07615800946950912
761aff20c96a2ca17f96b051b,0.3795226216316223
dfbd0ab77fc6a3f2f1d47fbb2,0.47353920340538025
450718cbdb90002fdf6e24ec7,0.4209115505218506
0a26950d3dd55a9d10026a33e,0.2946627736091614
ad0e6f5c3d51d60bb6cb53834,0.1960739642381668
0d3a0d50853a64da270204d6d,0.08903540670871735
5c5d0555ded67da2749ac0bcd,0.3603172302246094
7c280ca72107f67a5609e0e1f,0.15210789442062378
bc165b0743b2dc3076ec29ec3,0.07725195586681366
595a12401f4af7794e7892b32,0.3455525040626526
9f92d8754d10d64be5925fad4,-0.2066228836774826
66bb316114f4ea677f2ccda4f,-0.013723330572247505
bf93ccbce36e583eb073634ed,0.24810843169689178
ecc77fb2cf43f95ae65941863,0.4043229818344116
ca4db7c55678a8c5a91aa3cc7,0.4550439417362213
faa90a3d6eebd303997bf5240,0.4686674475669861
09536a816a187a90ddf4f2e7e,0.2241963893175125
a498794753f4291c7ccbdbbc5,-0.042418308556079865
5bb724cf4bad914cdce974750,0.2555144131183624
63141a76ca9e0cb444d4c7009,0.37180808186531067
134a83cf0004d42c30018c730,0.3748302459716797
8b47f21442b19801a6906e735,-0.40224725008010864
4937bba89f7edf88a222f5c02,0.4424149692058563
54d24f19cda3a4fe4045bbfb0,0.4700995087623596
a880a542e13d8817e54f467ee,0.2861376106739044
f8fff11835e6dbf806f7ee78b,0.35662955045700073
2a326bf3f79cc0d69691f43ab,0.2008994221687317
d962c690dc9201e1b4d25689a,0.19676189124584198
11e0c730fb24d436100734adc,0.24721936881542206
da2f1d8c9af1b737daef0ca26,0.025461366400122643
74dc12ff29fa919b8208ff970,0.30010277032852173
025e9ca9b7561ce5caa29d829,-0.2996678352355957
3870b2198e0e6a41c26bdc5b6,-0.3804941773414612
e6b50dce9b955153c197244bb,0.4724924564361572
1c91b63cc806bec89b6740bdd,0.39651167392730713
675714d705c0972bd7b6a95cd,0.1988462209701538
be2f69f30245e979d4e7a6dc6,0.7285283207893372
6b7f13f0b90a66e66d09e0ce1,0.28848516941070557
9aeea88de81ea0c438e93bfc9,0.23098953068256378
0ac17c381fcff6baa1eade095,0.2660556733608246
1a942768c3a7f504373282f77,-0.2993033528327942
d9bd15b8a355b48e7f0bdeae7,-0.2700969874858856
877eb5372c670fee646679084,0.2576887309551239
48e607b977d3775163d948edd,0.3103383779525757
82317d582a0a220ef8e89d7b3,-0.15444283187389374
c9a26ad5481fdbcc3755e17f3,-0.2901383638381958
281876dede7af90b9d5ccd033,0.40662652254104614
a1db28c3c2d88a03aa0b01e3f,-0.21745674312114716
00b00beafd2001c2810f660cb,0.4337362051010132
0785399de98d3027717f0b466,-0.23495350778102875
c38e0f9d98dc142a10e074f92,0.43923211097717285
08902ec8653549b8c25ad049f,0.3464962840080261
f90d2673d73d095e1b3883983,-0.01726319082081318
5d586927297facbd4c3849ad4,-0.11509055644273758
f66a440e7ea43304c0190acec,0.19592022895812988
973e69325411d34dc053fe470,0.22725550830364227
a82ceecb9d7610893c02f200e,-0.17104887962341309
178c439ee2ed873739f4956ef,-0.11920253187417984
fc73009673c4013a0ca4b2891,0.451460599899292
55e319a5dc287023e49892fd2,0.034836895763874054
79d6e35cc587bfba4b54a8bb7,-0.33699989318847656
1ce28e4fad9cc2a684c30c758,-0.6039145588874817
7a06a31bf963fae6172fc27df,-0.6209296584129333
5a69bcc1f0e628dd8f6a873c8,0.4531722962856293
d6a92d14c473f82c8b904f910,-0.27511972188949585
8c208f0dee713e72ea43096d5,1.0040479898452759
b42f29e2823cccc2903a6094a,0.07456143945455551
de788a262084dd3e5f040ebb8,0.04155168682336807
cda7361790ae5dbf9d447c787,0.3209235668182373
c884d7d3566a01988a6b65383,0.12233950942754745
015aae4970fed92cc717ef0d1,-0.15690258145332336
6c8f2f106151ede7e2984c34d,0.0488080158829689
c943ed689b7c84d1bde08d9ba,0.25636744499206543
0c0dfce871f1899939936f84d,-0.6511759161949158
b2135c161892a5b2902d2aeab,0.5329810380935669
19c9d752729dcb0c50af7f872,0.6971122622489929
5b074d361c14db05a5633b68c,-0.38837888836860657
08d96319ab83ddd09445be0dc,-0.3450404703617096
848564b0a7cc2cc5c3f077412,-0.17747600376605988
5b1f3d463faec0075fdb077b0,-0.33732277154922485
506c7298df4af6b8962eb73d8,-0.8260000348091125
d7fb24d62df0574c7cbb59315,-0.011687437072396278
b131899be1ce4423aa6df95c4,0.41290467977523804
39f3ae83b7159d45895191c41,-0.22765681147575378
bda2b14f8da08e33d7cc7e423,0.5399708151817322
c3c7076c4eaab6f54f4da24e4,-0.5433951616287231
fdd91e7e30346a964245253e7,0.1583324670791626
9e2b39e120d279626ead65f64,0.534308135509491
fd5fbeddae2db4c6cab021a05,0.01815452240407467
beba5b30c9d0aa1f4cf2d20b8,0.06782548874616623
483bbac659c62bab4857c3148,-0.36017826199531555
118b82cf62f4f992fe506342d,-0.47199538350105286
963fd0080e3612d01753c7676,0.11874767392873764
fff69964127a7200eea556f02,0.008896959945559502
c26c44a0436859e4bae9f7b2a,0.20759223401546478
824b4528d9751ee0e0e77a5b2,-0.2239970713853836
914dc1e29901bf13db5b684d6,0.41813603043556213
ea46423418ccc4ae7c2a11c0c,0.4506475329399109
9aa240b7c0916dc93cc337da0,-0.015375817194581032
7fe39254abc32f39c74da32dc,-0.03863529860973358
97f78e7d96cfe6c3cb707a726,0.2625259757041931
199eb8ce8a0dfd52fb647fb56,-0.00022565200924873352
f2e5297cc4e6f6c5560e9b7b1,0.6382373571395874
032d9c275cc83fb71bdf14be1,-0.24601878225803375
4ccea193cd1e43b6bf589ee27,-0.004681410267949104
80a86ee7041f6fb789beda251,-0.19281630218029022
5a65a78f2f832b85a6e0b5cc3,-0.12138361483812332
409e3aa51db453de8d0e10e7b,0.48338788747787476
218d0a3b9f725db938eb0e487,0.3024943172931671
76f00bbc15cbf7095f6a77b38,0.4198223352432251
94543f4672c17f1b34f869fff,0.02175075374543667
3b046c05be05fb0919e386c31,-0.025757158175110817
99df8b395ae5dadaeaaaae65b,-0.22366879880428314
bc2c4ee2bcd6f708fa74bb236,-0.13918420672416687
d5caf3746cf34ac8329462aba,0.27287644147872925
991c207c7f4bd4dcaf9ffe3e7,0.38121089339256287
9c2b7b753cc22d666ef77258a,0.030822115018963814
224db3db9e9629c56186f1957,0.589660108089447
ab53bf9a60366fb55dd3405e5,0.32498037815093994
a17ce4e420c368c89b3c1dd71,0.029727740213274956
eac64298a449ee95ac9da57f5,-0.07696110755205154
67446bc7b19f0a62d83225edd,-0.0777602568268776
b24ee9a93735b46f0ebf709e7,0.061944060027599335
7ce5d0ec4a7a1d2e009e37c63,0.3461492657661438
2ff575c9122b23fac29d0f297,0.3856496214866638
46a519a8f4d32816f42fde087,0.9291208386421204
9fbeb2f96c91161ca6afa9375,-0.03323566913604736
be62d288eb336213e8d79d854,-0.4267335534095764
6ac9ca2917765d010e4cb13e0,0.24396400153636932
31684b2ef82cd252f10069790,-0.20824779570102692
002cb5cc3602c06acfa60dd82,0.05157458037137985
7624bb16268468e0bffbb6d39,-0.0102373156696558
5a1de597f9f95c000d9e4743a,-0.2173892706632614
a60a22c0add68bdca9d13dd43,0.533016562461853
1d3210a2e3914e7dce429da0e,0.15712140500545502
034aa3017b1fd06bf66214997,-0.3010711073875427
675c3524bab05b7a913e2757e,0.19185854494571686
4938cc57463bf3db1200f2be2,0.5297642350196838
b67b45ac2f93e863d7ed95abc,0.623977541923523
024ce56cae3590d349aa5bc0e,0.5552088022232056
05f2ae4de39792471ae3e90ef,-0.1903897076845169
e7da5b6d42d5fcc8c21a1ca15,0.344545841217041
701e6dc709ca6324db288c022,0.3476879596710205
d1c7e9f19a85a38206a437229,-0.2884889245033264
db8a85b151b7ae31955efb0bc,0.4371574819087982
c57858337ec017fc5e0028490,0.8146129250526428
e3d36fd5db08aa1623e0c4ef9,0.20934778451919556
2213f3c1f83c20d716f97754f,-0.14416252076625824
bbc4297386b809801ce688871,-0.07447046786546707
10830ff095b43082456550a3b,-0.38861802220344543
d48a0bc897c097f5b7f85e59a,0.0819733515381813
2b879d801a114ea178017e4c3,-0.24402587115764618
59c472bf3f42583618af90880,-0.042784273624420166
ef621ec19e6dba9dad14cff3f,-0.07797179371118546
437bd731d18dbfd4e1ebd48d6,0.24735207855701447
a3f55392df007131e20345fd4,0.03916453570127487
9fbf8765eda7057be8d133d4d,0.542780876159668
a0f4b31ad36abaf7d1b55b9a9,0.21298441290855408
844baa298ee84d9865535cd23,0.18979822099208832
9a5dd0cbd78907126f22a2fcc,-0.4851367473602295
078b0d2ecf0f2eb73f0b14863,0.445803165435791
896c285fe591e3dd198234aa4,0.3535737991333008
e811beb03d554abda14dd9930,0.31936198472976685
aabc7d7e4b60ea895df2dcdde,0.29494982957839966
cf5fb26e3cfe0d4b93ef1dcce,0.16286811232566833
f2bb9bf544bb80a2cd2610e50,-0.2448563426733017
fa070b45dea9c9c1d53e7520e,0.4675157964229584
a797d6c23d5937206ea9a4982,-0.2993304133415222
4bc21212bf83a7b5bc7f84fa3,0.7404229640960693
ed5d274dfc88325d49a3aaf7e,0.06069096922874451
321341821561aa69248e586cf,0.318804532289505
78ef36418f129531a8166c527,0.13129466772079468
4cea9e48b2a7453789e37e652,-0.4126291573047638
ce1a78b2b591a82c1e9835cc9,0.37230435013771057
29ae3e7032a8419c798398a3b,0.27700018882751465
9b5f12ae69fdde3eca6f58793,-0.18162409961223602
a4474c33387229da77a9b49a3,0.6640949845314026
fb97053c8924accf941fe5328,-0.318795382976532
f9b83c684f77a348dd5a8d6fa,0.08732613921165466
44993ac8606eefb2a94344c48,-0.09578509628772736
f67fb6fade50627dcd354dc26,-0.17130517959594727
0e312585620fd5987b24275bb,0.5041524171829224
a42af545b7290d37cb84c3cee,0.26674017310142517
4747ad2e7e987447731f8edd5,-0.3049650192260742
fe978a9a125b5381e84940d8f,0.05088255554437637
555e3fec4e130c5d71c2ddd03,-0.027286024764180183
2cc6be10b5a2c85248d297c3a,-0.03939855098724365
9c29d9ba2955c486aa54c89e4,0.11253336071968079
cc30d1b845ae9438d4c8f7e1c,0.2522711455821991
08775d250d20b25981d230918,-0.4961777329444885
f60635638dcd298facd14974f,0.41717684268951416
268e257091c6cefa898493b5c,-0.5135065317153931
4176db78cc6b9b45a4ca52604,-0.35264039039611816
68d7359c99abebaff4f1fe7b3,0.05686267465353012
bb778800f975389107824fc39,0.41969698667526245
f97938c4a00a83c4f110f22a4,-0.41925156116485596
891e0ac1e4bed76794b68eeb0,0.44001615047454834
660ea7776f9657435d4053078,0.5499500632286072
2e5a33ffb81e287abcbb91d39,-0.12948636710643768
1b55ac46b8df11855a8ce33df,-0.023919248953461647
ff1074e3ffeaf7141eb298616,-0.06624224036931992
fdc38d02e82f3edf61ecc1f7f,0.34212467074394226
bd89788261d1d5dc7e8caaf9f,-0.11870058625936508
200491b0127a0a6565b89edde,0.46579039096832275
6c6e622d28ebb9226a7f69afe,0.13075636327266693
3a88636b26fa978e5d6c855bd,-0.07564931362867355
ff31501f3d7e20ab1766255c3,-0.7612660527229309
41b237f109d75559ff37d7f8c,0.3073814809322357
eaa64f49457bcf54475301bbb,-0.1811773031949997
47489cb1e5a3eff5b3b8d4af3,-0.2835744023323059
459b437d15b14e3fffe4c9750,0.19449247419834137
75ca1f3bc359fadb3690fcb1b,0.012845611199736595
1cab50393607663d11c9212b3,0.2339455783367157
4518b3d11e744c274c84004d2,0.28915324807167053
b933ae14ed2851f6e88cf855f,-0.35022246837615967
6dc279a238139f41dfb3d6ca1,0.11166107654571533
8cd6f5492d385417a41f7669a,-0.6315106749534607
8e9b264b51bd70726df00385d,-0.25111818313598633
93215323ebcd964d4c88049fb,-0.005284467712044716
e2e2f4b2b978a8b09ac7f10c8,-0.16082735359668732
67dac78befc639de35f9035af,0.1716179996728897
2b4baa17643166e44ef6fafd5,0.6419187188148499
6bcc58f731e9edfd579626e22,0.2503557503223419
1ca6f383f8eb124beb79e5ee4,-0.4928218722343445
3ea5579377d279ceaf2f0faf9,-0.14204299449920654
492a6d7a6b8838bf13e51cc98,0.07430928200483322
d632d15eaa7c9d648e85de406,0.3130819797515869
8bffaf51ee8ba18d08306634d,1.0407334566116333
22f8d2dea6d93237f4bc47a5c,-0.0984819158911705
c553e2eea5dcd5d7b03b45a5a,-0.13832975924015045
d3e7fc56af7bf1ab6fb933b13,-0.41663816571235657
16828a930b65414e14778d130,0.6359339356422424
ab0e3e367ad950a71c8ad1831,0.10073799639940262
09242e5348fcf2571ffb03b14,0.25617358088493347
f9771b1940027ae26850d312b,0.0027622040361166
23d2f8b14689a3008dce3032f,0.6377384662628174
61e7f0edd4f5187fea8c5940b,0.5220856070518494
81b34619a67fc0a7bb92ce2f0,0.23917025327682495
7477cb499a9a56ab42189484f,0.3153224587440491
d02584ddf82b5b3d782df99c9,-0.3497806489467621
ff1d480a6acfe48e913c03deb,0.4739249348640442
589d024d90cab72d969c687d5,0.5515470504760742
284a7020c0f776204fbf1789b,-0.011280560865998268
1073732a525f22a5ce9ee5eef,-0.17665384709835052
4726a19737f4b992c17f6df44,0.3553162217140198
7cf6e78e2a8dce485a3169423,0.13960473239421844
5fdbb3e7207892b1f9f921a83,0.2077883630990982
9b3fd353d811ee3ca6d4b4585,-0.08181361109018326
631cd825d3b31a39910dc4013,0.5468606352806091
2ede657fe5f74eb4a288b234c,0.24234862625598907
591294ca9c5195cb04d2577fd,-0.08193109184503555
c9fc320c9ace50ff96576005c,0.6309287548065186
35e6731b803fb52d23e40d55d,0.6595706939697266
d5c8e7b0de9c25dceb579e163,0.003652205690741539
4d75eebd58e786c6bf97d0d0c,-0.744780957698822
06a5a0202793325cccac048d7,-0.6612234711647034
8a7f8794a677e6f6eef1c1972,-0.3549186587333679
1c4b19d33257dcc0a58df1eae,0.42703819274902344
d392de17a67ea065a5134a9bc,0.36873120069503784
5fef0cf1f9f5efaf9c2a8e1b6,0.4394841492176056
a6befd39f4a26480a42be5922,0.1258246749639511
760594999a92da9ce9cfb4a7e,0.4165593087673187
b8cf45086a41be9cbb666e7c9,0.793156623840332
406a4727c4621aa5a1477d49f,0.5716518759727478
d14bc430a85c7b5ab29074d83,0.5446065664291382
13ebba1f5e4bbd66b22deb25a,-0.21937283873558044
f52d33804dec0630536d60d29,0.10483180731534958
6b35d73cb640d4e80b6c3344e,0.2713799774646759
00540189962ad347533dfdb20,0.4407487213611603
5747ee6be091d399dadd73eb9,0.36122119426727295
df2b14ca24ab8f28b46dda132,0.14988547563552856
5cdbdff387a833c8ddcc83370,-0.31541088223457336
a16c36e62701a5abcb16409a7,0.4925498366355896
0c1d62e9068768c4f0b403569,-0.5612040162086487
4e36406d0d2a8d6388f304d91,0.1176023781299591
7af7c22a1d9f3e8215cd93bf3,0.5170316100120544
6fdfa575d3e3c2676778d1dd7,0.3890111446380615
25d9b3e75ee87bea80a9cab23,-0.29964181780815125
d1390bdb75abba797bcd6b54f,-0.14058008790016174
775602130dfa16237fbd9dbc5,-0.07851643115282059
fbe1a759297447c7192f587e8,-0.6202861070632935
89f62af6dffed8437d9c2460c,-0.49487870931625366
d9cfa9eb8f76839c0cc23bc3a,-0.29753920435905457
9267607ae8c357b70bd2a05b2,-0.07292462140321732
0a398d368bd239d55930c134b,-0.6033363342285156
ac45c37b35d84e4ef409de140,-0.5974975824356079
3c725211f4b4b8f6e3f0a3c7e,0.08433730900287628
b4ef7536c0c0f908eb1da308f,-0.2446356564760208
30b1934a9891ea266d912cece,0.27654266357421875
37e2a9b9f73a39d1dec81b7bd,0.13321004807949066
